City,Cloudiness,Country,Date,Humidity,Lat,Lng,Max Temp,Wind Speed
Emerald,75,AU,1553553214,83,-23.53,148.16,78.8,8.05
Vung Tau,100,VN,1553553546,96,10.35,107.08,81.75,19.93
Pacifica,90,US,1553553391,87,37.61,-122.49,61.0,17.22
Port Alfred,88,ZA,1553552071,89,-33.59,26.89,66.0,1.01
Jamestown,0,AU,1553553550,68,-33.21,138.6,60.06,6.73
Mattru,20,SL,1553553321,73,7.62,-11.83,80.76,5.17
Simao,68,CN,1553553552,83,22.76,100.79,57.72,2.26
Hermanus,44,ZA,1553553135,95,-34.42,19.24,64.0,6.17
Bredasdorp,24,ZA,1553553061,82,-34.53,20.04,64.4,2.24
Thompson,75,CA,1553551200,29,55.74,-97.86,33.8,6.93
Punta Arenas,75,CL,1553552550,86,-53.16,-70.91,51.8,25.28
Vaini,24,IN,1553553259,86,15.34,74.49,69.15,2.15
Ushuaia,75,AR,1553551200,75,-54.81,-68.31,44.6,32.21
Butaritari,64,KI,1553553560,100,3.07,172.79,82.65,13.89
Cabo San Lucas,5,MX,1553553149,34,22.89,-109.91,86.0,11.41
Pontianak,40,ID,1553551200,100,-0.02,109.34,77.0,3.36
Concarneau,0,FR,1553553554,80,47.88,-3.92,43.0,6.93
Hay River,75,CA,1553551200,63,60.82,-115.79,44.6,11.41
Nyaunglebin,0,MM,1553553566,91,17.95,96.73,69.78,3.38
Qaanaaq,0,GL,1553553276,65,77.48,-69.36,-9.79,9.53
Riyadh,0,SA,1553551200,73,24.63,46.72,69.8,6.93
Mataura,92,NZ,1553553009,96,-46.19,168.86,59.0,4.0
Pevek,12,RU,1553553571,90,69.7,170.27,9.21,10.76
Rikitea,80,PF,1553553572,100,-23.12,-134.97,78.24,8.97
Atuona,0,PF,1553553573,100,-9.8,-139.03,82.47,14.79
Mar del Plata,0,AR,1553553463,100,-46.43,-67.52,50.16,7.63
Kavaratti,12,IN,1553553575,100,10.57,72.64,83.19,4.05
Tuktoyaktuk,75,CA,1553551200,92,69.44,-133.03,21.2,5.82
Kutulik,0,RU,1553553578,76,53.35,102.79,16.86,10.31
Kavieng,36,PG,1553553286,100,-2.57,150.8,81.84,4.16
Robertsport,92,LR,1553553580,100,6.75,-11.37,82.11,6.96
Albany,75,US,1553553424,17,42.65,-73.75,41.0,11.41
Wageningen,90,NL,1553553546,75,51.98,5.66,46.0,8.05
Longyearbyen,20,NO,1553550600,71,78.22,15.63,6.8,5.82
Makakilo City,90,US,1553553551,83,21.35,-158.09,80.6,12.75
Lagoa,0,PT,1553553429,67,37.14,-8.45,62.01,6.93
Lebu,20,ET,1553551200,17,8.96,38.73,64.4,3.36
Bonthe,0,SL,1553553589,84,7.53,-12.5,80.22,4.72
Kapaa,75,US,1553553496,69,22.08,-159.32,78.8,11.41
Rio Grande,0,BR,1553550300,64,-32.03,-52.1,68.0,5.82
Nikolskoye,90,RU,1553553471,93,59.7,30.79,34.0,13.42
Kodiak,40,US,1553553550,32,39.95,-94.76,55.99,11.41
Shelburne,20,CA,1553553525,46,44.08,-80.2,37.0,11.41
Wanning,75,AT,1553553538,80,48.64,13.53,39.2,10.29
Dunedin,92,NZ,1553553470,68,-45.87,170.5,72.57,12.21
Ribeira Grande,20,PT,1553547600,82,38.52,-28.7,59.0,6.93
Ialibu,8,PG,1553553599,82,-6.28,143.99,63.66,1.14
Nome,90,US,1553553569,88,30.04,-94.42,84.0,4.7
Presidencia Roque Saenz Pena,68,AR,1553553482,57,-26.79,-60.44,76.35,15.01
Marienburg,20,DE,1553553589,100,52.12,9.98,42.01,6.93
Bhunya,92,SZ,1553551200,100,-26.54,31.01,60.8,9.17
Poum,12,MK,1553553389,81,41.28,20.71,31.35,1.81
Mananjary,88,MG,1553553606,90,-19.16,46.8,62.67,2.59
Waingapu,76,ID,1553553607,96,-9.65,120.26,77.88,4.38
Teguldet,8,RU,1553553609,63,57.31,88.17,11.46,2.37
Orange,0,AU,1553553086,87,-33.28,149.1,55.99,5.01
Cape Town,0,ZA,1553553381,77,-33.93,18.42,64.0,21.92
Narsaq,68,GL,1553553613,83,60.91,-46.05,15.42,10.42
Avarua,92,CK,1553551200,83,-21.21,-159.78,84.2,10.29
Coolum Beach,76,AU,1553553606,69,-26.53,153.09,81.0,4.16
Guerrero Negro,12,MX,1553553617,48,27.97,-114.04,71.04,10.65
Toropets,76,RU,1553553619,91,56.5,31.64,29.55,7.18
Souillac,0,FR,1553553584,51,45.6,-0.6,46.99,9.17
Kenai,1,US,1553553092,60,60.55,-151.26,46.99,6.93
Honiara,32,SB,1553553623,84,-9.43,159.96,83.73,0.69
Hue,75,VN,1553551200,100,16.47,107.58,71.6,4.7
Qandala,0,SO,1553553625,94,11.47,49.87,67.44,2.93
Dejen,76,ET,1553553626,91,10.16,38.15,59.7,1.81
Luderitz,0,NA,1553553627,79,-26.65,15.16,60.69,15.68
Port Blair,0,IN,1553553416,100,11.67,92.75,83.01,8.75
Lockerbie,56,GB,1553553540,86,55.13,-3.35,46.0,9.17
Viedma,0,AR,1553553631,60,-40.81,-62.99,54.21,10.42
Mecca,92,SA,1553553366,40,21.43,39.83,67.62,7.18
Arraial do Cabo,0,BR,1553551200,88,-22.97,-42.02,75.2,3.36
Le Port,0,FR,1553553614,49,42.87,1.37,48.0,1.01
Talara,0,PE,1553551200,290,-4.58,-81.27,62.6,9.08
Ihosy,44,MG,1553553638,96,-22.4,46.13,60.69,1.92
Alofi,75,NU,1553551200,65,-19.06,-169.92,82.4,14.99
Makat,0,KZ,1553553641,89,47.65,53.35,32.52,3.15
Gwadar,8,PK,1553553642,94,25.12,62.33,67.98,3.15
Jaciara,12,BR,1553553643,69,-15.95,-54.98,78.78,2.59
Lang Son,68,VN,1553553644,97,21.83,106.73,63.12,1.59
Mochicahui,75,MX,1553553497,26,25.95,-108.93,87.01,16.11
Bilma,24,NE,1553553646,14,18.69,12.92,70.41,12.55
Klaksvik,92,FO,1553550600,93,62.23,-6.59,44.6,8.05
Santa Cruz de la Palma,44,ES,1553551200,72,28.68,-17.76,62.6,2.24
Busselton,12,AU,1553553619,45,-33.64,115.35,55.99,18.37
Puerto Ayora,0,EC,1553553114,74,-0.74,-90.35,82.4,9.17
Gamba,68,CN,1553553653,67,28.28,88.52,5.79,2.15
New Norfolk,75,AU,1553553616,44,-42.78,147.06,57.2,13.87
Hobart,40,AU,1553553315,43,-42.88,147.33,55.4,21.92
Saint-Philippe,1,CA,1553553608,33,45.36,-73.48,32.0,23.04
Santa Cruz,20,US,1553553616,55,36.97,-122.03,69.01,6.93
Aden,24,YE,1553553496,97,12.79,45.03,79.59,22.17
Barrow,88,AR,1553553661,66,-38.31,-60.23,56.01,7.63
Sao Joao da Barra,0,BR,1553551200,78,-21.64,-41.05,78.8,6.93
Port Shepstone,92,ZA,1553553663,100,-30.74,30.45,69.15,17.13
Dayong,56,PH,1553553665,100,11.74,122.04,79.23,17.25
Itaituba,48,BR,1553553666,94,-4.26,-55.99,77.34,2.15
Aras,0,YE,1553553669,74,14.28,44.38,39.36,2.15
Dakar,0,SN,1553551200,77,14.69,-17.45,68.0,6.93
Saint George,0,GR,1553553199,87,39.45,22.34,54.0,4.7
La Tuque,56,CA,1553553673,46,47.44,-72.79,17.67,9.19
Alekseyevka,0,RU,1553551200,74,53.25,50.49,33.8,13.42
Broome,8,GB,1553553675,93,52.47,1.45,41.0,2.24
Yellowknife,90,CA,1553553177,69,62.45,-114.38,35.6,12.75
Vao,24,EE,1553553678,86,59.1,26.19,28.74,9.64
Bluff,80,AU,1553553679,63,-23.58,149.07,81.93,5.17
Otane,0,NZ,1553553557,56,-39.89,176.62,72.0,8.99
Victoria,75,BN,1553551200,94,5.28,115.24,80.01,3.94
Sur,24,OM,1553553683,88,22.57,59.53,73.92,11.77
Hamilton,75,BM,1553553115,59,32.3,-64.78,64.4,5.82
Belton,8,US,1553553640,44,31.06,-97.46,79.0,11.41
Martapura,0,ID,1553553687,92,-3.41,114.85,80.76,3.94
Mopipi,0,BW,1553553688,43,-21.2,24.86,71.58,4.61
Russell,0,AR,1553551200,43,-33.01,-68.8,69.8,11.41
Santiago del Estero,92,AR,1553553690,98,-27.8,-64.26,61.59,12.44
Ilulissat,75,GL,1553550600,85,69.22,-51.1,24.8,10.29
Richards Bay,92,ZA,1553553693,99,-28.77,32.06,70.32,13.67
Faanui,64,PF,1553553694,100,-16.48,-151.75,82.38,13.22
Lakes Entrance,80,AU,1553553607,47,-37.88,147.99,61.0,4.0
Khatanga,88,RU,1553553696,86,71.98,102.47,21.54,14.34
Tasiilaq,92,GL,1553550600,79,65.61,-37.64,26.6,29.97
Adrar,0,DZ,1553551200,19,27.87,-0.29,78.8,18.34
Araouane,88,ML,1553553700,29,18.9,-3.53,84.36,6.96
Faya,20,SA,1553551200,72,18.39,42.45,62.6,9.17
Kaduna,44,NG,1553553702,59,10.52,7.44,69.78,2.71
Boa Vista,0,BR,1553551200,32,2.82,-60.67,95.0,8.05
San Pedro,0,AR,1553553202,64,-33.68,-59.66,59.0,1.99
Port Lincoln,36,AU,1553553708,89,-34.72,135.86,64.56,7.85
Baykit,0,RU,1553553709,65,61.68,96.39,9.75,4.61
Pangnirtung,90,CA,1553551200,55,66.15,-65.72,10.4,5.82
Flagstaff,1,US,1553553353,18,35.2,-111.65,66.99,6.93
Batagay,0,RU,1553553712,67,67.65,134.64,-5.2,3.6
Hami,12,CN,1553553714,72,42.84,93.51,35.76,3.15
Fortuna,0,ES,1553553696,71,38.18,-1.13,55.99,2.24
Saskylakh,68,RU,1553553716,56,71.97,114.09,-5.83,3.83
Shieli,56,KZ,1553553717,53,44.18,66.74,49.26,11.65
Castleford,0,GB,1553553665,79,53.72,-1.35,43.0,4.7
Boende,64,CD,1553553720,97,-0.28,20.88,72.48,2.15
Tuatapere,36,NZ,1553553607,96,-46.13,167.69,59.0,1.99
Palmer,90,US,1553553718,56,61.6,-149.11,46.99,4.7
Usogorsk,88,RU,1553553723,89,63.43,48.71,29.01,5.39
East London,88,ZA,1553553724,100,-33.02,27.91,69.51,19.26
Hithadhoo,92,MV,1553553726,100,-0.6,73.08,84.18,9.08
Taoudenni,92,ML,1553553727,95,22.68,-3.98,64.74,8.41
Khani,0,GE,1553553000,93,41.96,42.96,41.0,2.24
Lauro Muller,12,BR,1553553729,93,-28.39,-49.4,60.51,1.92
Ugoofaaru,0,MV,1553553731,100,5.67,73.0,84.45,9.19
Ouadda,68,CF,1553553732,84,8.07,22.4,73.02,4.61
Airai,0,TL,1553553733,83,-8.93,125.41,76.44,1.92
Mogadishu,48,SO,1553553730,96,2.04,45.34,83.46,10.98
Esso,56,RU,1553553735,74,55.93,158.7,10.29,7.96
Shakhtinsk,0,KZ,1553551200,100,49.71,72.59,28.4,6.71
Mount Isa,90,AU,1553553000,83,-20.73,139.49,77.0,18.34
Lorengau,68,PG,1553553739,100,-2.02,147.27,81.84,6.06
Cockburn Town,64,TC,1553553740,100,21.46,-71.14,75.36,17.25
North Bend,90,US,1553553626,87,43.41,-124.22,48.99,9.17
Tiksi,0,RU,1553553743,59,71.64,128.87,-12.67,3.6
Ruwi,20,OM,1553550600,88,23.6,58.55,75.2,3.36
Ibipeba,88,BR,1553553746,97,-11.64,-42.01,67.44,2.93
Kahului,40,US,1553553581,51,20.89,-156.47,80.6,24.16
Ilek,80,RU,1553553748,92,51.53,53.38,31.26,10.42
Chimoio,0,MZ,1553551200,88,-19.11,33.48,69.8,4.7
Nishihara,90,JP,1553553751,70,35.74,139.53,54.0,4.7
Sinnamary,100,GF,1553553752,91,5.38,-52.96,80.58,11.1
Fairbanks,90,US,1553553740,86,64.84,-147.72,42.01,3.36
Morozovsk,24,RU,1553553755,90,48.35,41.83,31.71,4.38
Launceston,40,AU,1553553648,62,-41.43,147.14,55.99,14.99
Carnarvon,0,ZA,1553553757,72,-30.97,22.13,54.93,12.66
Hasaki,75,JP,1553551339,81,35.73,140.83,50.0,8.05
Tabou,36,CI,1553553760,95,4.42,-7.36,84.18,6.62
Nuuk,90,GL,1553553726,92,64.17,-51.74,21.2,20.8
Vrangel,0,RU,1553553762,99,42.73,133.08,35.4,20.71
Arlit,32,NE,1553553763,26,18.74,7.39,73.38,9.53
Hilo,40,US,1553553742,57,19.71,-155.08,77.0,11.41
Kishi,76,NG,1553553766,67,9.08,3.85,78.51,7.18
Yulara,0,AU,1553551200,39,-25.24,130.99,66.2,10.29
Portree,80,GB,1553553133,87,57.41,-6.19,46.99,5.01
Castro,20,CL,1553551200,67,-42.48,-73.76,59.0,6.93
Patea,64,NZ,1553553607,55,-39.76,174.48,73.0,15.99
Bulnes,0,CL,1553551200,34,-36.74,-72.3,78.8,3.36
Cherskiy,88,RU,1553553774,73,68.75,161.3,5.7,11.43
Los Llanos de Aridane,44,ES,1553551200,72,28.66,-17.92,62.6,2.24
Lasa,0,CY,1553551200,75,34.92,32.53,55.4,9.17
Navirai,8,BR,1553553773,65,-23.07,-54.19,76.89,8.08
Yerbogachen,12,RU,1553553779,81,61.28,108.01,5.34,5.95
Togur,0,RU,1553553780,71,58.36,82.83,11.46,3.38
Bjornevatn,0,NO,1553550600,62,69.67,29.98,23.0,4.7
Sao Paulo de Olivenca,12,BR,1553553782,84,-3.38,-68.87,80.22,2.71
Hanzhong,20,CN,1553553783,84,33.08,107.03,42.24,3.15
Barahona,40,DO,1553551200,65,18.21,-71.1,82.4,13.87
Rorvik,0,NO,1553553602,90,64.86,11.24,32.0,12.66
Bethel,90,US,1553550960,81,60.79,-161.76,42.8,23.04
Dharchula,88,IN,1553553788,98,29.85,80.53,33.06,1.36
Kailua,90,US,1553553750,83,21.39,-157.74,80.6,12.75
Upernavik,80,GL,1553553791,100,72.79,-56.15,5.25,17.47
Ziebice,75,PL,1553553783,93,50.6,17.04,39.0,11.41
Almaznyy,0,RU,1553551200,80,48.03,40.04,41.0,4.47
Kisangani,32,CD,1553553794,95,0.52,25.21,74.91,2.59
Kamskiye Polyany,90,RU,1553551200,100,55.43,51.42,30.2,17.9
Takapau,0,NZ,1553553557,56,-40.02,176.35,72.0,8.99
Dikson,80,RU,1553553798,91,73.51,80.55,28.47,14.23
Filadelfia,100,PY,1553553799,65,-22.35,-60.04,82.29,5.5
Outlook,76,CA,1553549899,100,51.48,-107.04,37.99,10.65
Chuy,64,UY,1553553801,83,-33.69,-53.46,66.18,10.42
Kholodnyy,0,RU,1553553803,72,62.72,147.95,7.86,4.38
Ciechanow,0,PL,1553553801,92,52.88,20.62,37.0,8.05
Huarmey,0,PE,1553553805,71,-10.07,-78.15,70.23,3.71
Flinders,0,AU,1553553740,44,-34.58,150.85,68.0,5.82
Kilindoni,0,TZ,1553553807,100,-7.91,39.67,83.1,7.4
Shilka,20,RU,1553553809,39,51.85,116.03,12.54,3.27
Kamenskiy,44,RU,1553553810,88,50.89,45.49,23.79,4.83
Chokurdakh,24,RU,1553553811,77,70.62,147.9,-3.67,6.73
Pisco,0,PE,1553551200,30,-13.71,-76.2,71.6,23.04
Adelaide,75,AU,1553553647,51,-34.93,138.6,64.99,11.41
Necochea,92,AR,1553553678,61,-38.55,-58.74,57.99,3.0
Rapid Valley,90,US,1553553810,86,44.06,-103.15,42.8,4.38
Mehamn,40,NO,1553550600,63,71.03,27.85,30.2,12.75
Kruisfontein,44,ZA,1553553818,86,-34.0,24.73,61.05,5.17
Xai-Xai,20,MZ,1553553820,96,-25.04,33.64,78.78,10.09
Torbay,90,CA,1553553209,80,47.66,-52.73,35.01,16.11
Calabozo,0,VE,1553553822,38,8.92,-67.43,87.78,9.19
Borgo San Dalmazzo,75,IT,1553553784,87,44.33,7.49,53.6,13.87
Bridlington,56,GB,1553553665,86,54.08,-0.19,39.99,4.7
Geraldton,5,CA,1553551200,20,49.72,-86.95,30.2,14.99
Camalu,20,MX,1553553827,38,30.85,-116.07,70.86,5.73
Dauriya,80,RU,1553553829,37,49.93,116.85,16.5,4.72
Vieques,40,PR,1553553651,58,18.43,-65.83,82.4,16.11
Mumford,8,GH,1553553831,90,5.26,-0.76,79.41,6.73
Vardo,90,US,1553553829,86,39.62,-77.74,46.99,12.75
Koumac,0,NC,1553553833,72,-20.56,164.28,83.91,6.4
Bambous Virieux,40,MU,1553553547,94,-20.34,57.76,77.0,2.24
Porto Novo,0,BR,1553551200,69,-23.68,-45.44,77.0,9.17
Padang,44,ID,1553553837,100,-0.92,100.36,82.11,3.38
Aguimes,40,ES,1553553632,88,27.91,-15.45,62.6,6.93
Beringovskiy,88,RU,1553553839,95,63.05,179.32,33.33,33.02
Kaitangata,92,NZ,1553553841,66,-46.28,169.85,73.74,12.21
Troitsko-Pechorsk,88,RU,1553553842,96,62.71,56.19,35.85,7.63
Georgetown,20,GY,1553551200,69,6.8,-58.16,80.6,9.17
Port Elizabeth,90,US,1553553829,61,39.31,-74.98,50.0,8.05
Bukachacha,0,RU,1553553846,52,52.99,116.91,5.79,2.37
Deputatskiy,0,RU,1553553847,73,69.3,139.9,-7.9,3.49
Emba,0,CY,1553551200,75,34.81,32.42,55.4,9.17
Denpasar,40,ID,1553551200,94,-8.65,115.22,78.8,2.24
Haradok,64,BY,1553553850,92,55.46,29.99,31.62,8.97
San Juan,40,PR,1553553588,58,18.47,-66.12,82.4,9.17
Campbell River,90,CA,1553553013,57,50.02,-125.24,54.0,6.93
Codrington,92,AU,1553553798,78,-28.95,153.24,80.6,2.26
Pangpang,0,PH,1553553857,64,15.94,120.31,73.29,3.04
Atar,0,MR,1553553858,33,20.52,-13.05,64.47,7.85
Tateyama,0,JP,1553553617,52,36.66,137.31,51.01,3.36
Ponta do Sol,64,BR,1553553861,71,-20.63,-46.0,72.48,3.6
Nerekhta,0,RU,1553551200,79,57.46,40.57,28.4,6.71
San Vicente,0,SV,1553553663,46,13.64,-88.78,89.6,4.7
Harper,40,US,1553553673,44,30.3,-99.24,80.6,6.93
Yaya,32,RU,1553553867,70,56.2,86.45,13.17,2.93
Fenoarivo,75,MG,1553551200,94,-18.93,47.44,68.0,2.93
Komsomolskiy,56,RU,1553553869,80,67.55,63.78,24.69,9.86
Ambovombe,0,MG,1553553870,96,-25.18,46.09,74.28,5.39
Sao Filipe,0,CV,1553553871,100,14.9,-24.5,68.97,7.96
Nortelandia,32,BR,1553553873,84,-14.45,-56.8,77.88,2.37
Aklavik,75,CA,1553551200,64,68.22,-135.01,39.2,5.82
Saint-Augustin,0,FR,1553553729,57,44.83,-0.61,48.2,5.82
Valparaiso,1,US,1553553857,59,41.47,-87.06,44.6,14.99
San Patricio,12,PY,1553553878,65,-26.98,-56.83,71.22,5.5
Severo-Kurilsk,44,RU,1553553879,100,50.68,156.12,28.56,20.04
Mago,48,RU,1553553880,61,53.27,140.15,21.18,2.59
Ati,0,TD,1553553881,19,13.21,18.34,80.04,12.77
Kudahuvadhoo,0,MV,1553553883,100,2.67,72.89,84.18,12.21
Kibala,0,TD,1553551200,38,9.11,18.35,89.6,14.12
Cururupu,64,BR,1553553885,96,-1.82,-44.87,75.63,3.38
Zima,0,RU,1553553886,62,53.93,102.05,14.97,6.17
La Ronge,40,CA,1553551200,26,55.1,-105.3,42.8,13.87
Grindavik,75,IS,1553553882,87,63.84,-22.43,44.01,29.97
Touros,40,BR,1553551200,74,-5.2,-35.46,84.2,8.05
Igarka,76,RU,1553553892,88,67.47,86.57,27.03,14.0
Quelimane,0,MZ,1553551200,94,-17.88,36.89,77.0,2.71
Mount Pleasant,1,US,1553553667,43,33.16,-94.97,73.99,14.99
Chitipa,12,MW,1553553897,91,-9.7,33.27,58.89,2.93
Vredendal,0,ZA,1553553898,83,-31.68,18.49,55.56,2.15
Yoichi,40,JP,1553553611,80,43.19,140.77,39.99,14.99
Harer,1,US,1553553874,51,42.19,-111.17,54.0,6.93
Salto del Guaira,20,PY,1553553902,67,-24.06,-54.31,76.71,6.73
Tiznit,56,MA,1553553903,95,29.7,-9.73,57.9,7.29
Salta,90,AR,1553551200,88,-24.79,-65.41,69.8,3.36
Ossora,88,RU,1553553906,92,59.24,163.07,18.84,25.52
Benghazi,0,LY,1553553908,100,32.12,20.07,60.87,11.65
Henties Bay,92,NA,1553551331,94,-22.12,14.28,60.01,3.0
San Jeronimo,76,PE,1553553910,76,-13.65,-73.37,49.44,1.7
Queanbeyan,0,AU,1553553903,35,-35.35,149.23,57.2,17.22
Bissau,0,GW,1553551200,73,11.86,-15.58,73.4,6.93
Valdemarpils,0,LV,1553550600,80,57.37,22.59,33.8,6.93
Rudnyy,90,KZ,1553551200,91,52.96,63.12,32.0,8.95
Bilibino,32,RU,1553553916,67,68.06,166.44,1.11,3.15
Zyryanka,48,RU,1553553918,64,65.73,150.89,3.09,11.21
Neepawa,75,CA,1553551200,50,50.23,-99.46,30.2,6.93
Nkowakowa,0,ZA,1553551200,59,-23.89,30.29,66.2,3.36
Batagay-Alyta,12,RU,1553553921,60,67.8,130.41,-8.89,2.71
Hays,90,US,1553553104,50,38.88,-99.33,57.2,3.36
Inta,92,RU,1553553923,90,66.04,60.13,31.26,5.95
Clyde River,75,CA,1553551200,70,70.47,-68.59,1.4,26.4
Peace River,40,CA,1553551200,61,56.23,-117.29,46.4,8.05
Techiman,48,GH,1553553927,65,7.58,-1.94,81.3,10.76
Norman Wells,75,CA,1553551200,52,65.28,-126.83,46.4,9.17
Buala,64,SB,1553553929,83,-8.15,159.59,85.26,3.6
Kirakira,20,SB,1553553930,100,-10.46,161.92,83.46,2.37
Hualmay,20,PE,1553553932,80,-11.1,-77.61,69.24,5.17
Alenquer,64,BR,1553553933,95,-1.95,-54.74,76.08,2.93
Okakarara,56,NA,1553553934,76,-20.59,17.46,64.02,3.6
Chimbote,12,PE,1553553935,89,-9.08,-78.59,69.42,6.73
Waddan,0,LY,1553553937,64,29.16,16.14,42.51,2.82
Katsuura,75,JP,1553553278,70,33.93,134.5,48.99,2.24
Cayenne,75,GF,1553553000,74,4.94,-52.33,78.8,8.05
Umm Lajj,0,SA,1553553940,90,25.02,37.27,64.29,10.2
Yasnyy,12,RU,1553553941,79,64.04,44.09,21.72,2.37
Ancud,44,CL,1553551200,67,-41.87,-73.83,59.0,6.93
Shimoda,92,JP,1553553185,85,34.7,138.93,45.0,9.53
Salalah,75,OM,1553550600,78,17.01,54.1,78.8,6.93
Xinyu,56,CN,1553553946,88,27.8,114.93,53.22,1.92
Mackenzie,90,CA,1553551260,76,55.34,-123.09,39.2,3.36
Bay City,1,US,1553553674,32,43.59,-83.89,43.0,4.7
Dwarka,20,IN,1553551200,77,28.58,77.04,64.4,4.7
Rawson,0,AR,1553553951,62,-43.3,-65.11,55.2,8.63
Comodoro Rivadavia,20,AR,1553551200,62,-45.87,-67.48,57.2,3.36
Karabuk,0,TR,1553553953,85,41.2,32.63,28.74,3.38
Sibenik,92,HR,1553553954,78,45.81,17.18,40.17,7.4
Naron,0,ES,1553553907,57,43.52,-8.15,55.99,4.7
Durgapur,0,IN,1553553957,69,23.54,87.34,65.91,2.71
Paamiut,80,GL,1553553958,100,61.99,-49.67,26.58,26.31
Ust-Kuyga,0,RU,1553553959,59,70.0,135.55,-12.94,3.6
Hervey Bay,40,AU,1553551200,74,-25.3,152.85,78.8,5.82
Aykhal,20,RU,1553553961,46,65.95,111.51,-8.53,2.71
Erzin,0,TR,1553552400,100,36.95,36.2,57.2,9.17
Herat,64,AF,1553553964,69,34.35,62.22,53.31,11.99
Ampanihy,0,MG,1553553965,91,-24.69,44.75,69.78,8.3
Cidreira,8,BR,1553553966,85,-30.17,-50.22,62.76,4.72
Verkhnyaya Inta,88,RU,1553553967,88,65.99,60.32,31.71,6.17
Havre,1,US,1553553925,66,48.55,-109.68,52.0,5.82
Shingu,92,JP,1553553970,100,33.72,135.99,51.06,11.65
Dali,0,CN,1553553971,100,25.6,100.24,43.32,1.7
Marawi,0,PH,1553553972,76,8.0,124.29,74.28,2.71
Pergamino,12,AR,1553553932,61,-33.9,-60.57,61.0,1.99
Krizevci,20,HR,1553553937,93,46.02,16.54,42.01,1.12
Aflao,20,TG,1553551200,83,6.12,1.19,82.4,8.05
Mahajanga,20,MG,1553551200,88,-15.72,46.32,82.4,6.93
Rach Gia,20,VN,1553551200,94,10.02,105.08,78.8,3.36
Vila Velha,20,BR,1553553701,78,-3.71,-38.6,82.4,3.36
Balkanabat,92,TM,1553553981,92,39.51,54.36,44.49,2.59
Burgersdorp,8,ZA,1553553982,92,-30.99,26.32,51.51,7.96
Caraballeda,0,VE,1553553070,63,10.61,-66.85,75.99,13.44
Lavrentiya,92,RU,1553553984,94,65.58,-170.99,33.06,25.75
Yantal,0,RU,1553553985,63,56.85,105.25,-0.7,2.37
Kysyl-Syr,0,RU,1553553987,72,63.9,122.77,0.66,5.84
Cuenca,0,ES,1553553606,51,40.07,-2.13,48.0,4.0
Bell Ville,64,AR,1553553989,64,-32.63,-62.69,61.86,7.74
Muriwai Beach,0,NZ,1553553957,56,-36.82,174.45,78.01,12.75
Moissala,8,TD,1553553991,43,8.34,17.77,85.53,11.21
Esperance,40,TT,1553553974,74,10.24,-61.45,82.4,16.11
Trinidad,20,UY,1553553995,78,-33.52,-56.9,58.62,9.19
Bedele,92,ET,1553553996,43,8.46,36.35,69.24,4.94
Vestmannaeyjar,92,IS,1553553997,94,63.44,-20.27,43.77,23.17
Hofn,12,IS,1553553998,91,64.25,-15.21,43.86,32.91
Mahebourg,40,MU,1553553846,94,-20.41,57.7,77.0,2.24
Itarema,80,BR,1553554001,96,-2.92,-39.92,77.34,4.94
Katherine,90,AU,1553551200,88,-14.47,132.26,80.6,9.17
Mackay,40,CA,1553551200,70,53.65,-115.58,46.4,3.49
Kawalu,76,ID,1553554005,96,-7.38,108.21,69.69,2.04
Udarnyy,0,RU,1553554006,87,54.34,42.86,24.87,7.4
Calvinia,20,ZA,1553554007,74,-31.47,19.78,52.77,6.17
Jingdezhen,24,CN,1553554008,86,29.29,117.2,50.88,2.82
Voi,8,KE,1553554009,90,-3.4,38.57,64.38,2.37
Red Bluff,90,US,1553553997,76,40.18,-122.24,57.99,12.75
Carballo,0,ES,1553553830,57,43.21,-8.69,57.0,4.7
Kaeo,0,NZ,1553553485,72,-35.1,173.78,73.0,7.0
Conceicao das Alagoas,0,BR,1553551200,65,-19.91,-48.39,77.0,5.82
Ban Dung,24,TH,1553551200,74,17.7,103.25,78.8,6.93
Ust-Nera,24,RU,1553554017,67,64.57,143.24,-0.43,2.71
Ukiah,90,US,1553554016,81,39.15,-123.21,55.99,4.7
Petrozavodsk,88,RU,1553551200,86,61.79,34.39,28.4,4.47
Yasothon,32,TH,1553551200,78,15.8,104.15,77.0,4.7
Ulladulla,0,AU,1553553986,44,-35.36,150.48,63.0,5.82
Ogulin,92,HR,1553553724,85,45.27,15.22,48.0,11.99
Flin Flon,75,CA,1553551200,37,54.77,-101.88,35.6,10.29
Kosh-Agach,20,RU,1553554026,72,49.99,88.66,6.6,2.71
Okhotsk,0,RU,1553554027,70,59.36,143.24,23.52,4.38
Zapolyarnyy,0,RU,1553550600,62,69.43,30.82,19.4,4.7
Ambilobe,36,MG,1553554029,100,-13.19,49.05,73.74,3.04
San Quintin,0,PH,1553554030,61,17.54,120.52,74.64,3.83
Turukhansk,88,RU,1553554032,88,65.8,87.96,24.15,13.44
Sobolevo,64,RU,1553554033,88,54.43,31.9,29.46,3.27
Quzhou,0,CN,1553554034,85,28.97,118.86,50.25,2.48
Oktyabrskiy,0,RU,1553553470,86,55.61,37.97,36.0,4.47
The Valley,20,AI,1553553087,69,18.22,-63.06,80.6,17.22
Ordu,40,TR,1553550600,81,40.98,37.88,39.2,1.12
Nelson Bay,75,AU,1553553984,78,-32.72,152.14,73.99,11.41
Pedasi,0,PA,1553554040,83,7.53,-80.03,79.23,14.9
Sola,90,FI,1553554025,100,62.78,29.36,30.99,8.05
Cabcab,56,PH,1553554042,95,13.63,124.05,79.95,14.0
Gikongoro,12,RW,1553554043,97,-2.46,29.57,53.49,2.93
Provideniya,90,RU,1553551200,86,64.42,-173.23,33.8,22.37
Quang Ngai,92,VN,1553553765,96,15.12,108.8,67.89,2.59
Bacolod,80,PH,1553554047,90,10.68,122.95,76.26,7.74
Pitimbu,0,BR,1553551200,78,-7.47,-34.81,80.6,8.05
Maloy,36,ID,1553554049,74,1.0,118.1,82.02,2.93
Saint-Joseph,90,FR,1553554028,82,43.56,6.97,57.2,1.12
Nchelenge,56,ZM,1553554052,96,-9.35,28.74,66.81,2.37
Vanderhoof,0,CA,1553554008,48,54.02,-124.02,46.2,3.15
Sibu,75,MY,1553551200,94,2.29,111.83,75.2,3.38
Garh Maharaja,0,PK,1553554055,85,30.83,71.9,60.15,2.93
Vilhena,75,BR,1553551200,94,-12.74,-60.15,75.2,4.7
Sarkand,8,KZ,1553554058,86,45.41,79.91,33.96,2.26
Billings,40,US,1553553995,37,45.79,-108.5,61.0,4.7
Port Hardy,75,CA,1553551200,66,50.7,-127.42,50.0,3.36
Fort Nelson,40,CA,1553551200,34,58.81,-122.69,50.0,9.17
Ucluelet,90,CA,1553553788,81,48.94,-125.55,54.0,9.17
Trofors,0,NO,1553552400,92,65.54,13.39,30.2,4.7
Huilong,68,CN,1553554066,87,28.89,110.18,46.56,2.15
Biak,92,ID,1553554067,92,-0.91,122.88,81.21,2.26
Petropavlovsk-Kamchatskiy,0,RU,1553551200,49,53.05,158.65,23.0,6.71
Puerto Maldonado,75,PE,1553551200,334,-12.59,-69.19,33.8,2.24
Grand Gaube,40,MU,1553553846,94,-20.01,57.66,77.0,2.24
Muli,0,IN,1553554072,44,22.62,71.45,73.74,9.19
Sayyan,0,YE,1553554073,70,15.17,44.32,46.47,4.38
Sitka,56,US,1553553927,54,37.17,-99.65,57.99,1.99
Ayagoz,48,KZ,1553554075,90,47.96,80.43,26.22,6.96
Bafoulabe,0,ML,1553554077,50,13.81,-10.83,79.14,6.29
Pacific Grove,1,US,1553554055,45,36.62,-121.92,71.6,4.7
Angicos,12,BR,1553553793,96,-5.67,-36.6,74.28,2.93
Gambela,0,ET,1553554080,82,8.25,34.59,62.04,3.15
Saldanha,0,PT,1553554081,40,41.42,-6.55,47.1,15.23
Isangel,12,VU,1553554082,100,-19.55,169.27,80.85,20.6
Susehri,0,TR,1553554083,75,40.16,38.09,12.54,2.48
Oktyabrskoye,0,RU,1553553933,85,56.73,85.44,26.01,2.37
Labuhan,80,ID,1553554086,88,-2.54,115.51,77.88,2.15
Mlonggo,40,ID,1553551200,100,-6.53,110.7,75.2,4.7
Walvis Bay,64,NA,1553551331,87,-22.95,14.51,60.8,1.12
Timbuktu,92,ML,1553554089,20,16.77,-3.01,89.22,8.97
Saint Anthony,40,US,1553553915,37,43.97,-111.68,50.0,5.82
Talnakh,92,RU,1553554092,92,69.49,88.39,25.59,13.89
Ahipara,56,NZ,1553554094,72,-35.17,173.16,73.02,15.01
Chibombo,0,ZM,1553554095,82,-14.68,28.09,64.11,2.82
Takoradi,12,GH,1553554096,99,4.89,-1.75,81.39,5.73
San Rafael,8,AR,1553554098,50,-34.61,-68.33,58.17,7.85
Ponta Delgada,20,PT,1553554073,87,37.73,-25.67,57.2,14.99
Chapais,90,CA,1553553000,65,49.78,-74.86,8.6,11.41
Camacha,40,PT,1553553000,77,33.08,-16.33,64.4,24.16
Pringsewu,88,ID,1553554103,93,-5.36,104.98,73.47,3.15
Nokaneng,0,BW,1553554104,60,-19.66,22.19,71.85,3.94
Punta Alta,0,AR,1553551200,50,-27.46,-55.82,75.2,8.05
Carauari,32,BR,1553554107,91,-4.88,-66.9,78.96,3.04
Along,100,IN,1553554108,96,28.17,94.8,54.21,1.7
Ustyuzhna,76,RU,1553554109,81,58.84,36.43,30.0,2.82
Sangar,0,RU,1553554110,68,63.92,127.47,-1.87,4.16
Tura,8,IN,1553554112,68,25.52,90.21,67.44,5.5
Namtsy,0,RU,1553551200,64,62.72,129.66,-0.41,6.71
Coquimbo,40,CL,1553551200,82,-29.95,-71.34,59.0,10.29
Ushtobe,0,KZ,1553554115,76,45.25,77.98,31.71,2.93
Monze,0,ZM,1553554116,82,-16.28,27.48,62.58,2.59
Buin,0,CL,1553554060,36,-33.73,-70.74,78.01,8.05
Yuzha,8,RU,1553554119,84,56.58,42.01,23.88,9.98
Raudeberg,80,NO,1553553912,60,61.99,5.14,39.2,17.22
Singaparna,76,ID,1553554121,96,-7.35,108.11,69.69,2.04
Kamenka,0,RU,1553554122,87,53.19,44.05,22.62,7.07
Pemba,88,MZ,1553554123,100,-12.97,40.52,83.19,7.74
Mogzon,88,RU,1553554125,57,51.74,111.97,15.06,8.75
Najran,0,SA,1553551200,26,17.54,44.22,82.4,4.7
Jalingo,0,NG,1553554127,40,10.21,12.82,70.23,5.5
Tanout,20,NE,1553554128,20,14.97,8.88,77.7,11.54
Suez,0,EG,1553554129,64,29.97,32.54,42.96,2.93
Ola,8,RU,1553554132,100,59.58,151.3,19.29,10.87
Pemberton,24,AU,1553553750,82,-34.44,116.03,55.0,4.0
Rio Rancho,1,US,1553554127,15,35.27,-106.63,70.0,3.36
Hamina,75,FI,1553553900,80,60.57,27.2,30.2,8.05
Teya,20,MX,1553553957,38,21.05,-89.07,91.4,11.41
Dingle,48,PH,1553554137,83,11.0,122.67,77.43,11.1
Tilichiki,88,RU,1553554139,81,60.47,166.1,19.11,21.27
Margate,75,AU,1553554095,44,-43.03,147.26,57.2,13.87
Liwale,100,TZ,1553554141,93,-9.8,37.92,74.19,2.71
Port Hedland,75,AU,1553551200,88,-20.31,118.58,80.6,8.05
Roald,75,NO,1553554010,64,62.58,6.12,37.4,9.17
Srednekolymsk,80,RU,1553554145,63,67.46,153.71,-8.17,6.73
Solnechnyy,0,RU,1553554146,72,50.72,136.64,17.22,5.73
Lavumisa,92,ZA,1553554147,96,-27.31,31.88,68.52,8.41
Shenjiamen,0,CN,1553554148,95,29.96,122.3,53.67,7.4
Rayong,20,TH,1553553601,88,12.68,101.28,80.01,4.7
Dunmore East,24,IE,1553554062,85,52.15,-6.99,48.99,7.29
Vanavara,80,RU,1553554152,74,60.35,102.28,11.64,4.94
Schwalmtal,75,DE,1553554050,80,50.68,9.3,42.01,8.05
Olinda,40,EC,1553553913,70,-2.03,-79.75,84.99,6.93
Diffa,0,NE,1553554155,29,13.32,12.61,71.76,8.19
Knysna,92,ZA,1553551200,93,-34.04,23.05,60.8,3.36
Wasilla,1,US,1553553923,52,61.58,-149.44,46.99,4.7
Lagunas,0,PE,1553554159,87,-5.23,-75.68,80.49,2.15
High Level,20,CA,1553551200,27,58.52,-117.13,53.6,5.82
Moura,0,PT,1553551200,64,38.14,-7.45,62.6,5.82
Tessalit,92,ML,1553554162,38,20.2,1.01,77.34,8.41
Tongren,92,CN,1553554163,91,27.72,109.18,49.08,2.71
Berdychiv,0,UA,1553554164,77,49.89,28.58,29.46,10.76
Puerto Ayacucho,20,CO,1553551200,39,5.66,-67.63,96.8,2.93
Zeven,0,DE,1553554062,100,53.3,9.28,41.0,9.17
Constitucion,5,MX,1553553617,8,23.99,-104.67,82.4,10.29
Half Moon Bay,90,US,1553554150,87,37.46,-122.43,62.6,17.22
Tulsa,90,US,1553553995,58,36.16,-95.99,59.0,5.82
Yarmouth,0,GB,1553554145,80,50.71,-1.5,43.0,4.38
Marystown,48,CA,1553553974,100,47.17,-55.16,32.0,19.82
Dongsheng,92,CN,1553554174,85,29.72,112.52,50.88,2.82
Boone,90,US,1553554156,100,36.22,-81.67,57.2,2.15
Beloha,0,MG,1553554176,88,-25.17,45.06,71.58,4.83
Bandarbeyla,92,SO,1553554177,100,9.49,50.81,80.04,6.96
Bandundu,56,CD,1553554179,92,-3.32,17.38,72.03,2.93
Kalemie,20,CD,1553554180,100,-5.95,29.2,76.44,5.5
Goya,56,AR,1553554181,59,-29.14,-59.27,68.34,12.44
Havoysund,40,NO,1553552400,74,71.0,24.66,30.2,10.29
Uarini,20,BR,1553551200,83,-2.98,-65.16,80.6,3.36
Bollnas,8,SE,1553553986,45,61.35,16.39,39.0,9.98
Dawei,32,MM,1553554186,92,14.07,98.19,74.1,2.26
Nanma,0,CN,1553554187,43,35.7,113.14,40.8,2.37
Kloulklubed,75,PW,1553550720,83,7.04,134.26,80.6,10.65
Arsenyev,80,RU,1553554189,66,44.16,133.27,29.19,8.19
Alyangula,90,AU,1553551200,83,-13.85,136.42,84.2,5.82
Ostrovnoy,68,RU,1553554192,90,68.05,39.51,26.22,14.67
Pleasanton,75,US,1553553941,59,37.66,-121.87,66.2,9.64
Linares,0,CL,1553554194,85,-35.85,-71.6,56.28,2.15
Letterkenny,68,IE,1553554040,93,54.95,-7.73,45.48,12.44
Kulhudhuffushi,0,MV,1553554196,100,6.62,73.07,84.54,6.96
Sechura,0,PE,1553554197,70,-5.56,-80.82,76.08,11.99
Zeya,0,RU,1553554198,52,53.74,127.27,14.61,7.4
College,90,US,1553554028,86,64.86,-147.8,42.01,3.36
Saijo,40,JP,1553553210,70,33.92,133.18,53.01,3.36
Birjand,90,IR,1553551200,44,32.86,59.22,60.8,6.93
Talaya,0,RU,1553553933,85,55.79,84.89,24.8,4.16
Corinto,92,BR,1553554204,66,-18.36,-44.46,77.79,3.71
Normandin,75,CA,1553551200,34,48.84,-72.53,21.2,20.8
San Cristobal,75,EC,1553553967,67,-0.39,-78.55,62.6,11.41
Salo,44,FI,1553554022,86,60.38,23.13,30.0,5.82
Zagare,20,LT,1553552400,92,56.36,23.25,30.2,13.87
Chivilcoy,36,AR,1553554208,69,-34.9,-60.02,57.27,7.4
Noumea,24,NC,1553551200,65,-22.28,166.46,80.6,5.82
Kozhanka,0,UA,1553554193,83,49.97,29.75,36.0,6.71
Leh,64,IN,1553554214,80,34.16,77.58,-2.86,1.25
Hisor,8,TJ,1553553000,50,38.53,68.55,51.8,6.71
Westport,8,IE,1553553784,81,53.8,-9.52,48.99,8.3
Porto Belo,20,BR,1553554089,78,-27.15,-48.54,75.99,17.22
Mahibadhoo,0,MV,1553554219,100,3.78,72.97,84.36,11.77
Virden,32,CA,1553553926,93,49.85,-100.93,29.46,6.29
Auki,0,NG,1553554221,51,12.18,6.51,67.53,2.93
Beatrice,90,US,1553554221,62,40.27,-96.75,53.6,3.36
Ritchie,0,ZA,1553551200,68,-29.03,24.6,68.0,8.05
Mamu Kanjan,0,PK,1553554225,87,30.83,72.8,61.86,3.71
Namatanai,76,PG,1553554226,100,-3.66,152.44,80.22,14.79
